Workbook
Name ExpoArt: 'Price List SE'!$A$1:$D$33451

Sheet Product search
A1: Product code | B1: Description | C1: EUR/PC | D1: MOQ
B2: =IFERROR(VLOOKUP(A2,'Price List SE'!$A$2:$D$93217,2,0),"Enter product code") -> Enter product code | C2: =IFERROR(VLOOKUP(A2,'Price List SE'!$A$2:$D$88096,3,0),"") | D2: =IFERROR(VLOOKUP(A2,'Price List SE'!$A$2:$D$93217,4,0),"")
B3: =IFERROR(VLOOKUP(A3,'Price List SE'!$A$2:$D$93217,2,0),"Enter product code") -> Enter product code | C3: =IFERROR(VLOOKUP(A3,'Price List SE'!$A$2:$D$88096,3,0),"") | D3: =IFERROR(VLOOKUP(A3,'Price List SE'!$A$2:$D$93217,4,0),"")
B4: =IFERROR(VLOOKUP(A4,'Price List SE'!$A$2:$D$93217,2,0),"Enter product code") -> Enter product code | C4: =IFERROR(VLOOKUP(A4,'Price List SE'!$A$2:$D$88096,3,0),"") | D4: =IFERROR(VLOOKUP(A4,'Price List SE'!$A$2:$D$93217,4,0),"")
B5: =IFERROR(VLOOKUP(A5,'Price List SE'!$A$2:$D$93217,2,0),"Enter product code") -> Enter product code | C5: =IFERROR(VLOOKUP(A5,'Price List SE'!$A$2:$D$88096,3,0),"") | D5: =IFERROR(VLOOKUP(A5,'Price List SE'!$A$2:$D$93217,4,0),"")
B6: =IFERROR(VLOOKUP(A6,'Price List SE'!$A$2:$D$93217,2,0),"Enter product code") -> Enter product code | C6: =IFERROR(VLOOKUP(A6,'Price List SE'!$A$2:$D$88096,3,0),"") | D6: =IFERROR(VLOOKUP(A6,'Price List SE'!$A$2:$D$93217,4,0),"")
B7: =IFERROR(VLOOKUP(A7,'Price List SE'!$A$2:$D$93217,2,0),"Enter product code") -> Enter product code | C7: =IFERROR(VLOOKUP(A7,'Price List SE'!$A$2:$D$88096,3,0),"") | D7: =IFERROR(VLOOKUP(A7,'Price List SE'!$A$2:$D$93217,4,0),"")
B8: =IFERROR(VLOOKUP(A8,'Price List SE'!$A$2:$D$93217,2,0),"Enter product code") -> Enter product code | C8: =IFERROR(VLOOKUP(A8,'Price List SE'!$A$2:$D$88096,3,0),"") | D8: =IFERROR(VLOOKUP(A8,'Price List SE'!$A$2:$D$93217,4,0),"")
B9: =IFERROR(VLOOKUP(A9,'Price List SE'!$A$2:$D$93217,2,0),"Enter product code") -> Enter product code | C9: =IFERROR(VLOOKUP(A9,'Price List SE'!$A$2:$D$88096,3,0),"") | D9: =IFERROR(VLOOKUP(A9,'Price List SE'!$A$2:$D$93217,4,0),"")
B10: =IFERROR(VLOOKUP(A10,'Price List SE'!$A$2:$D$93217,2,0),"Enter product code") -> Enter product code | C10: =IFERROR(VLOOKUP(A10,'Price List SE'!$A$2:$D$88096,3,0),"") | D10: =IFERROR(VLOOKUP(A10,'Price List SE'!$A$2:$D$93217,4,0),"")
B11: =IFERROR(VLOOKUP(A11,'Price List SE'!$A$2:$D$93217,2,0),"Enter product code") -> Enter product code | C11: =IFERROR(VLOOKUP(A11,'Price List SE'!$A$2:$D$88096,3,0),"") | D11: =IFERROR(VLOOKUP(A11,'Price List SE'!$A$2:$D$93217,4,0),"")
B12: =IFERROR(VLOOKUP(A12,'Price List SE'!$A$2:$D$93217,2,0),"Enter product code") -> Enter product code | C12: =IFERROR(VLOOKUP(A12,'Price List SE'!$A$2:$D$88096,3,0),"") | D12: =IFERROR(VLOOKUP(A12,'Price List SE'!$A$2:$D$93217,4,0),"")
B13: =IFERROR(VLOOKUP(A13,'Price List SE'!$A$2:$D$93217,2,0),"Enter product code") -> Enter product code | C13: =IFERROR(VLOOKUP(A13,'Price List SE'!$A$2:$D$88096,3,0),"") | D13: =IFERROR(VLOOKUP(A13,'Price List SE'!$A$2:$D$93217,4,0),"")
... B50: =IFERROR(VLOOKUP(A50,'Price List SE'!$A$2:$D$93217,2,0),"Enter product code") -> Enter product code | C50: =IFERROR(VLOOKUP(A50,'Price List SE'!$A$2:$D$88096,3,0),"") | D50: =IFERROR(VLOOKUP(A50,'Price List SE'!$A$2:$D$93217,4,0),"")

Sheet Price List SE
A1: Nr kat | B1: Opis
A2: 105205 | B2: PMCtendo DD4.10/122/230-480V | C2: 7572.72
A3: 105219 | B3: PMCtendo DD4.01/122/230-480V | C3: 5924.31
A4: 105248 | B4: PMCtendo DD4.03/122/230-480V | C4: 6005.49
A5: 105266 | B5: PMCtendo DD4.06/117/230-480V | C5: 6453.54
A6: 1106100 | B6: PMCtendo DD4 spare part BGR connectors | C6: 360.71
A7: 1802620 | B7: Cable Can PMCLink>PMCLink:L=2,0m | C7: 7.64
A8: 1802949 | B8: Cable interface PC RS232>DD4/primo Drive | C8: 55.43
A9: 1803117 | B9: Cable Can PMCLink>PMCLink:L=0,7m | C9: 47.61
A10: 1803136 | B10: Cable Can PMCLink>PMCLink:L=0,25m | C10: 36.63
A11: 1S000003 | B11: PES test lead 4mm-bk | C11: 13.96
A12: 1S000004 | B12: PES test lead 4mm-rd | C12: 13.96
A13: 1S000005 | B13: PES test lead 4mm-bu | C13: 13.96
A14: 1S000006 | B14: PES test lead 4mm p-bk | C14: 17.94
A15: 1S000007 | B15: PES test lead 4mm p-rd | C15: 17.94
A16: 1S000008 | B16: PES test lead 4mm p-bu | C16: 17.94
A17: 1S000009 | B17: PES actuator board ec en | C17: 809.32
A18: 261905 | B18: RT-Licence PVIS OPC-Srv f.PMI, PtoP | C18: 129.2
A19: 261905G | B19: Project-Licence PVIS OPC-Srv f.PMI, PtoP | C19: 1939.76
A20: 261906 | B20: RT-Licence PVIS OPC-Srv f.PMI, 8 devices | C20: 404.14
A21: 261906G | B21: Project-Licence PVIS OPC-Srv f.PMI, 8 Co | C21: 6061.92
A22: 261907 | B22: RT-Licence PVIS OPC-Srv f. PC, PtoP | C22: 565.74
A23: 261907G | B23: Project-Licence PVIS OPC-Srv f. PC, PtoP | C23: 8486.55
A24: 261908 | B24: RT-Licence PVIS OPC-Srv f. PC, multiple | C24: 1131.65
A25: 261908G | B25: Project-Licence PVIS OPC-Srv f. PC, unli | C25: 16973.08
A26: 261910 | B26: PSS Upload-/Downloadtool f. PMIvisu/open | C26: 103.66
A27: 265010 | B27: Zenon Operator Dev 1024 | C27: 3379.68
A28: 265020 | B28: Zenon Operator 7.20 Dev 1024 | C28: 3379.68
A29: 265210 | B29: Zenon Operator RT PMI | C29: 675.94
A30: 265211 | B30: Zenon Operator RT PC 1024 | C30: 1313.21
A31: 265220 | B31: Zenon Operator 7.20 RT PMI | C31: 675.94
A32: 265240 | B32: Zenon Operator 7.20 RT PC 1024 | C32: 1313.21
A33: 265351 | B33: PASvisu RT Clients 1 | C33: 113.38
A34: 265352 | B34: PASvisu RT Clients 1 PMI | C34: 113.38
A35: 265361 | B35: PASvisu RT Logging PC | C35: 100.78
A36: 265362 | B36: PASvisu RT Logging PMI | C36: 62.99
A37: 265411 | B37: PASvisu RT Variables 150 PC | C37: 403.11
... A57: 269701 | B57: seal for PMIvisu, PMIopen, PMImicro | C57: 20.94
A58: 2A000002 | B58: PNOZ yh1 2DI 24VDC | C58: 84.51
A59: 2A000004 | B59: PNOZ yi1 4DI | C59: 102.99
A60: 2A000005 | B60: PNOZ yi3 2DI T3A | C60: 133.78
A61: 2A000006 | B61: PNOZ yi4 2DI T3C | C61: 156.89
A62: 2A000007 | B62: PNOZ yo3 1SO 1SO t | C62: 140.54
A63: 2A000008 | B63: PNOZ yio3 2DI 1SO 1SO t | C63: 178.25
A64: 2A000009 | B64: PNOZ yo4 3NO t | C64: 140.54
A65: 2A000010 | B65: PNOZ yio4 2DI 3NO t | C65: 178.25
A66: 2A000011 | B66: PNOZ yi2 4DI OR | C66: 102.99
A67: 2A000012 | B67: PNOZ yo1 2SO | C67: 116.46
A68: 2A000013 | B68: PNOZ yio1 2DI 2SO | C68: 155.73
A69: 2A000014 | B69: PNOZ yo2 3NO | C69: 116.46
... A93: 301289W | B93: Project Upgr License f. PSS WIN-PRO Serv | C93: 3807.98
A94: 305160 | B94: PSS Conv USB / RS 232 | C94: 88.68
A95: 310300 | B95: Serial programming cable | C95: 67.7
A96: 310386 | B96: CompactFlash Karte min. 64MB | C96: 80.86
A97: 310396 | B97: Mounting Kit PMIvisu,PMIopen,PMImicro | C97: 41.5
A98: 310400 | B98: PMI-PRO Editor full licence (D,GB,F,E,I) | C98: 2926.58
A99: 311074 | B99: PSS SB BUSCABLE LC | C99: 7.71
A100: 311501 | B100: PCOM sec br1 | C100: 437.4
A101: 311502 | B101: PCOM sec br2 | C101: 515.94
A102: 311601 | B102: PSSnet GW1 MOD-EtherCAT | C102: 395.31
A103: 312043 | B103: PSSu H F PN | C103: 851.74
A104: 312047 | B104: PSSu H CAN | C104: 363.65
A105: 312060 | B105: PSSu H m F DP ETH SD | C105: 1458.44
... A192: 312890 | B192: PSSu Assistant & Startup tool CD-ROM | C192: 18.95
A193: 312890B | B193: Basic Licence PSSu Startup Tool Full | C193: 244.23
A194: 312890K | B194: User Licence PSSu Startup Tool Full | C194: 119.07
A195: 312900 | B195: PSSu A ET (10 pcs.) | C195: 8.57
A196: 312901 | B196: PSSu A ETM (2 pcs.) | C196: 22.2
A197: 312902 | B197: PSSu A EC | C197: 22.88
A198: 312903 | B198: PSSu A CE "A" yellow (10 pcs.) | C198: 7.62
A199: 312904 | B199: PSSu A CE "B" yellow (10 pcs.) | C199: 7.62
A200: 312905 | B200: PSSu A CE "C" yellow (10 pcs.) | C200: 7.62
A201: 312906 | B201: PSSu A CE "D" yellow (10 pcs.) | C201: 7.62
A202: 312907 | B202: PSSu A CE "E" yellow (10 pcs.) | C202: 7.62
A203: 312908 | B203: PSSu A CE "F" yellow (10 pcs.) | C203: 7.62
A204: 312909 | B204: PSSu A CE "G" yellow (10 pcs.) | C204: 7.62
A205: 312910 | B205: PSSu A CE "H" yellow (10 pcs.) | C205: 7.62
A206: 312911 | B206: PSSu A CE "I" yellow (10 pcs.) | C206: 7.62
... A517: 380713 | B517: PDP67 Cable M12-5sf M12-5sm, 2m | C517: 23.5
A518: 3S000002 | B518: PES logic board pnozm en | C518: 2477.33
A519: 400110 | B519: PIT es2.11 operator black | C519: 15.86
A520: 400111 | B520: PIT es2.12 key-operator black | C520: 50.78
A521: 400112 | B521: PIT es2.13 operator illuminated black | C521: 53.22
A522: 400131 | B522: PIT es1s | C522: 15.58
A523: 400132 | B523: PIT es2s | C523: 18.87
A524: 400133 | B524: PIT es3s | C524: 47.96
A525: 400134 | B525: PIT es4s | C525: 54.87
A526: 400135 | B526: PIT es5s | C526: 22.38
A527: 400138 | B527: PIT es8s | C527: 45.92
A528: 400143 | B528: PIT es3s-c | C528: 47.96
A529: 400200 | B529: PIT es box 72 x 72 x 61 mm | C529: 12.26
A530: 400203 | B530: PIT es box flex yellow | C530: 19.3
... A625: 402260 | B625: PITreader key ye g | C625: 38.88
A626: 402260BK | B626: PITreader key ye g bk | C626: 38.88
A627: 402260BL | B627: PITreader key ye g bl | C627: 38.88
A628: 402260GN | B628: PITreader key ye g gn | C628: 38.88
A629: 402260RD | B629: PITreader key ye g rd | C629: 38.88
A630: 402260WT | B630: PITreader key ye g wt | C630: 38.88
A631: 402260YE | B631: PITreader key ye g ye | C631: 38.88
A632: 402261 | B632: PITreader key ye 1 | C632: 38.88
...
